file,paradigms,model_hits,scale,data_types,applications,kpis_all,kpi_primary,collected_data_resolution,sampling_mentions,building_model_paradigms,building_model_paradigm_terms,system_model_paradigms,system_model_paradigm_terms,occupancy_model_paradigms,occupancy_model_paradigm_terms,climate_model_paradigms,climate_model_paradigm_terms,building_model_optim_methods,system_model_optim_methods,occupancy_model_optim_methods,climate_model_optim_methods,building_model_optim_objectives,building_model_optim_terms,system_model_optim_objectives,system_model_optim_terms,occupancy_model_optim_objectives,occupancy_model_optim_terms,climate_model_optim_objectives,climate_model_optim_terms,kpi_types,model_development,model_inputs,input_resolutions_all,input_resolution_primary,energy_waste_mentions,energy_waste_definition_found,kpi_tradeoff_groups,kpi_tradeoff_top_group,kpi_tradeoff_kpis_any,online_learning_any,online_learning_components
10.1016_j.apenergy.2019.113920.json,greybox;blackbox,calibrated:0.75;energyplus:0.75;matlab:0.75;simplified:1.50;simulink:0.75;trnsys:0.75;filter:1.50;hybrid:0.75;integrated:0.75;kalman:1.50;linearized:0.75;novel:0.75;rc:0.75;rc model:0.75;ssm:0.75;machine learning:0.75;memory:0.75;oak:0.75;ridge:0.75;statistical:0.75;tn:0.75,building_model;system_model,air_quality;air_temperature;environment;hvac_signals;metering;occupancy;thermal_comfort,energy flexibility;mpc;operation performance analysis;performance monitoring,1_min;5_min;daily;hourly;monthly;subhourly,subhourly,subhourly,preamble:32S;preamble:545S;preamble:2005S;preamble:173H;preamble:39S;preamble:2019S;preamble:163S;preamble:391S;preamble:45Hz;preamble:5min;preamble:1min;preamble:5min;preamble:1min;preamble:2min;preamble:5min;preamble:0.2s;preamble:120s;preamble:120s;preamble:40h;preamble:30min;preamble:60min;preamble:daily;preamble:weekly;preamble:5-min;preamble:1-min,greybox,state-space;simplified;rc;ssm,whitebox;greybox,trnsys,NM,NM,NM,NM,optimal_control,NM,NM,NM,comfort,NM,NM,NM,NM,NM,NM,NM,carbon_emissions;cost;energy_performance;flexibility;thermal_comfort,forward;real-time;robust;schedule;update;updated,electric_load;electric_use;occupancy;weather,1_min;5_min;daily;hourly;monthly;subhourly,subhourly,,False,energy_use|thermal_comfort,energy_use|thermal_comfort,energy_use;thermal_comfort,yes,NM
10.1016_j.apenergy.2019.114174.json,greybox,control-oriented:1.50;simplified:1.50;coupled:0.75;hybrid:0.75;integrated:0.75;mathematical:0.75;novel:0.75;regression:0.75;statistical:0.75,building_model,air_quality;air_temperature;environment;hvac_signals;metering;occupancy,benchmarking;energy flexibility;fdd;mpc;operation performance analysis;performance monitoring,daily;hourly;monthly;subhourly,subhourly,subhourly,preamble:3607S;preamble:1minute;preamble:60minute;preamble:155minute;preamble:84minute;preamble:248minute;preamble:3607S,NM,NM,NM,NM,NM,NM,NM,NM,optimal_control,NM,NM,NM,NM,NM,NM,NM,NM,NM,NM,NM,carbon_emissions;cost;energy_performance;flexibility;thermal_comfort,initialization;real-time;schedule,electric_load;electric_use;occupancy;operation_schedules;weather,daily;hourly;monthly;subhourly,subhourly,,False,energy_use|thermal_comfort,energy_use|thermal_comfort,energy_use;thermal_comfort,yes,NM
10.1016_j.apenergy.2019.114416.json,greybox;blackbox,data-driven:1.50;library:0.75;matlab:0.75;simplified:1.50;trnsys:1.50;filter:1.50;hybrid:0.75;integrated:0.75;mathematical:0.75;novel:0.75;zhou:0.75;classification:0.75;cstb:0.75;forecasting:0.75;linear regression:0.75;machine learning:0.75;machine-learning:0.75;multi-layer:0.75;neural network:0.75,building_model,air_quality;air_temperature;environment;hvac_signals;metering;occupancy,energy flexibility;mpc;operation performance analysis;performance monitoring,annual;daily;hourly;monthly;subhourly;yearly,subhourly,subhourly,preamble:450S;preamble:34S;preamble:965S;preamble:1031S;preamble:2019S;preamble:2h;preamble:0.125h;preamble:8760h;preamble:16hr;preamble:15.5hr;preamble:6hr;preamble:16hr;preamble:hourly;preamble:daily;preamble:monthly;preamble:annual,greybox;blackbox,hybrid;short-term;data-driven;machine learning;trnsys;novel,NM,NM,NM,NM,NM,NM,heuristic_metaheuristic;optimal_control,NM,NM,NM,demand_response;comfort;cost,NM,NM,NM,NM,NM,NM,NM,carbon_emissions;cost;energy_performance;flexibility;thermal_comfort,deterministic;gaussian;monte;real-time;robust;scheduled;setpoints;stochastic;uncertain;uncertainty;update;weight,electric_load;electric_use;internal_gains;occupancy;weather,annual;daily;hourly;monthly;subhourly;yearly,subhourly,,False,NM,NM,NM,yes,building_model
10.1016_j.apenergy.2020.114638.json,whitebox;greybox;blackbox,calibrated:0.75;co-simulation:0.75;contam:0.75;energyplus:0.75;erl:0.75;fmu:0.75;library:0.75;matlab:0.75;modelica:0.75;simplified:1.50;estimation:1.50;hybrid:0.75;mathematical:0.75;novel:0.75;trnsys:0.75;zhou:0.75;bayesian network:0.75;machine learning:0.75;memory:0.75;neural network:0.75;regression:0.75;statistical:0.75,building_model;system_model,air_quality;air_temperature;environment;hvac_signals;metering;occupancy,benchmarking;energy flexibility;fdd;mpc;operation performance analysis;performance monitoring,annual;daily;hourly;monthly;subhourly;yearly,subhourly,subhourly,preamble:2018S;preamble:490S;preamble:271S;preamble:228S;preamble:2015H;preamble:62S;preamble:3017S;preamble:5min;preamble:hourly;preamble:daily;preamble:annual,whitebox,energyplus,NM,NM,NM,NM,NM,NM,NM,NM,NM,NM,comfort,NM,NM,NM,NM,NM,NM,NM,carbon_emissions;cost;energy_performance;flexibility;thermal_comfort,conditional;deterministic;gaussian;monte;robust;stochastic;uncertain;uncertainty;wavelet,electric_load;electric_use;internal_gains;occupancy;weather,annual;daily;hourly;monthly;subhourly;yearly,subhourly,energy waste,False,energy_use|thermal_comfort,energy_use|thermal_comfort,energy_use;thermal_comfort,NM,NM
10.1016_j.apenergy.2020.114771.json,whitebox;blackbox,data-driven:1.50;gray-box:1.50;grey-box:1.50;library:0.75;matlab:0.75;physics-based:1.50;retrained:0.75;simplified:1.50;simulate:0.75;simulator:0.75;integrated:0.75;mathematical:0.75;microgrid:0.75;ann:0.75;ann-based:0.75;deep learning:0.75;forecasting:0.75;machine learning:0.75;ml:0.75;multi-layer:0.75;narx:0.75;neural network:0.75,building_model,air_quality;air_temperature;environment;metering;occupancy,energy flexibility;mpc;operation performance analysis;performance monitoring,annual;daily;hourly;monthly;subhourly;yearly,subhourly,subhourly,preamble:2178S;preamble:2002H;preamble:101468H;preamble:5021H;preamble:1H;preamble:2H;preamble:1h;preamble:1H;preamble:2H;preamble:7h;preamble:19h;preamble:8h;preamble:19h;preamble:1h;preamble:6h;preamble:8h;preamble:13h;preamble:13h;preamble:1h;preamble:6h;preamble:9h;preamble:11h;preamble:9h;preamble:11h;preamble:6h;preamble:8h;preamble:19h;preamble:1h;preamble:10h;preamble:5h;preamble:234.54s;preamble:2941.6s;preamble:hourly;preamble:daily;preamble:annual,blackbox,ann;ann-based;physics-based;data-driven;grey-box;integrated;narx;neural network,NM,NM,NM,NM,NM,NM,optimal_control;reinforcement_learning;mathematical_programming;heuristic_metaheuristic,NM,NM,NM,demand_response;cost;comfort;iaq_infection;energy,NM,NM,NM,NM,NM,NM,NM,cost;energy_performance;flexibility;thermal_comfort,deterministic;explicit;log;pre-defined;real-time;schedule;scheduled;uncertainty;update;updated;updating,electric_load;electric_use;occupancy;weather,annual;daily;hourly;monthly;subhourly;yearly,subhourly,,False,NM,NM,NM,yes,building_model
10.1016_j.apenergy.2020.114882.json,blackbox,data-driven:1.50;energyplus:0.75;ice:0.75;simulate:0.75;coupled:0.75;integrated:0.75;zhou:0.75;bayesian network:0.75;logistic:0.75;machine learning:0.75;non-intrusive:0.75;quantitative:0.75;regression:0.75;similarity:0.75;statistical:0.75,building_model,air_quality;air_temperature;environment;hvac_signals;metering;occupancy;thermal_comfort,benchmarking;energy flexibility;fdd;mpc;operation performance analysis;performance monitoring,annual;daily;hourly;monthly;subhourly;yearly,subhourly,subhourly,preamble:2887S;preamble:1245S;preamble:daily;preamble:annual,NM,NM,NM,NM,NM,NM,NM,NM,optimal_control,NM,NM,NM,comfort,NM,NM,NM,NM,NM,NM,NM,cost;energy_performance;flexibility;thermal_comfort,gaussian;occupancy profile;probabilistic;setpoints;stochastic;uncertainty;updating;weight,electric_load;electric_use;occupancy;weather,annual;daily;hourly;monthly;subhourly;yearly,subhourly,,False,energy_use|thermal_comfort,energy_use|thermal_comfort,energy_use;thermal_comfort,yes,NM
10.1016_j.apenergy.2020.115036.json,whitebox;greybox;blackbox,data-driven:1.50;energyplus:0.75;matlab:0.75;open-source:0.75;physics-based:1.50;purely:0.75;reduced-order:0.75;simulator:0.75;simulink:0.75;1r1c:0.75;2r2c:0.75;estimation:1.50;filter:1.50;hybrid:0.75;integrated:0.75;mathematical:0.75;microgrid:0.75;novel:0.75;deep learning:0.75;encoder:0.75;estimator:0.75;gaussian process:0.75;gpr:0.75;machine learning:0.75;machine-learning:0.75,building_model,air_quality;air_temperature;environment;hvac_signals;metering;occupancy,benchmarking;energy flexibility;fdd;mpc;operation performance analysis;performance monitoring;retrofit,annual;daily;hourly;monthly;subhourly;yearly,subhourly,subhourly,preamble:572S;preamble:569H;preamble:1261S;preamble:436S;preamble:161S;preamble:168H;preamble:10S;preamble:1035H;preamble:147S;preamble:225S;preamble:354H;preamble:14S;preamble:15H;preamble:4725S;preamble:146S;preamble:1970s;preamble:10.022S;preamble:08.014H;preamble:03.007S;preamble:48h;preamble:48h;preamble:0278364917710318S;preamble:06.001S;preamble:12.019H;preamble:2018.00840S;preamble:01.140H;preamble:06.002S;preamble:1.2710491S;preamble:8H;preamble:2015.7449452S;preamble:04.108H;preamble:2017.2667599S;preamble:03.010S;preamble:monthly;preamble:annual,blackbox,reinforcement learning;deep learning;microgrid,NM,NM,NM,NM,NM,NM,reinforcement_learning,NM,NM,NM,NM,NM,NM,NM,NM,NM,NM,NM,carbon_emissions;cost;energy_performance;flexibility;thermal_comfort,actor;deterministic;exploration;gaussian;log;monte;q-value;q-values;robust;schedule;setpoints;stochastic;uncertain;uncertainty;update;updated;weight,electric_load;electric_use;occupancy;weather,annual;daily;hourly;monthly;subhourly;yearly,subhourly,,False,energy_use|thermal_comfort,energy_use|thermal_comfort,energy_use;thermal_comfort,yes,NM
10.1016_j.apenergy.2020.115147.json,whitebox;greybox;blackbox,data-driven:1.50;energyplus:0.75;high-fidelity:1.50;matlab:0.75;physics-based:1.50;simplified:1.50;toolbox:0.75;white-box:1.50;hybrid:0.75;integrated:0.75;linearized:0.75;mathematical:0.75;state-space:0.75;white-:0.75;ann:0.75;ann-based:0.75;deep learning:0.75;forecasting:0.75;fusion:0.75;machine learning:0.75;machine-learning:0.75;memory:0.75;ml:0.75,building_model,air_quality;air_temperature;environment;hvac_signals;metering;occupancy;thermal_comfort,fdd;mpc;operation performance analysis;performance monitoring,daily;hourly;monthly;subhourly;yearly,subhourly,subhourly,preamble:306S;preamble:39S;preamble:279S;preamble:109451S;preamble:113920S;preamble:119S;preamble:106326S;preamble:5min;preamble:60min;preamble:40min;preamble:5min;preamble:40min;preamble:5min;preamble:10min;preamble:24h;preamble:5s;preamble:5min;preamble:36.5h;preamble:30min;preamble:30min;preamble:hourly;preamble:daily;preamble:weekly,blackbox,physics-based;ml;ann;ann-based;data-driven;machine-learning;neural network;state-space;hybrid,NM,NM,NM,NM,NM,NM,optimal_control;heuristic_metaheuristic,NM,NM,NM,comfort;energy,NM,NM,NM,NM,NM,NM,NM,carbon_emissions;cost;energy_performance;thermal_comfort,explicit;real-time;robust;schedule;update;updated;updating,electric_load;electric_use;occupancy;weather,daily;hourly;monthly;subhourly;yearly,subhourly,,False,energy_use|thermal_comfort,energy_use|thermal_comfort,energy_use;thermal_comfort,yes,building_model
10.1016_j.apenergy.2020.115426.json,whitebox;greybox;blackbox,black-box:2.25;data-driven:1.50;energyplus:0.75;gray-box:1.50;grey-box:1.50;purely:1.50;retrained:0.75;simulator:0.75;white-box:0.75;coupled:0.75;estimation:1.50;filter:1.50;hybrid:0.75;kalman:0.75;mathematical:0.75;ann:0.75;cnn:0.75;deep learning:0.75;forecasting:0.75;fusion:0.75;gaussian process:0.75,building_model;system_model,air_quality;air_temperature;environment;metering;occupancy,benchmarking;energy flexibility;mpc;operation performance analysis;performance monitoring,daily;hourly;monthly;subhourly;yearly,subhourly,subhourly,preamble:32S;preamble:36S;preamble:173S;preamble:10min;preamble:30s;preamble:30s;preamble:50h;preamble:50hr;preamble:10min;preamble:40min;preamble:50hr;preamble:50h;preamble:50hr;preamble:50hr;preamble:10min;preamble:30min;preamble:32S;preamble:36S;preamble:173S;preamble:hourly,blackbox,reinforcement learning;zhou;machine learning,greybox,zhou,NM,NM,NM,NM,reinforcement_learning,reinforcement_learning,NM,NM,NM,NM,comfort,NM,NM,NM,NM,NM,cost;energy_performance;flexibility;thermal_comfort,deterministic;exploration;gaussian;initialization;initialize;log;monte;pre-defined;probabilistic;q-value;real-time;setpoints;stochastic;uncertain;uncertainty;update;updated;wavelet;weight,electric_load;electric_use;occupancy;weather,daily;hourly;monthly;subhourly;yearly,subhourly,,False,NM,NM,NM,yes,NM
10.1016_j.apenergy.2020.115451.json,blackbox,data-driven:1.50;energyplus:0.75;simplified:1.50;estimation:1.50;integrated:0.75;cnn:0.75;encoder:0.75;kernel:0.75;lstm:0.75;machine learning:0.75;memory:0.75;neural network:0.75;recurrent:0.75,building_model,air_quality;air_temperature;environment;metering;occupancy,energy flexibility;mpc;operation performance analysis;performance monitoring,5_min;annual;daily;hourly;monthly;subhourly;yearly,subhourly,subhourly,preamble:147S;preamble:161S;preamble:168H;preamble:1035H;preamble:2s;preamble:161S;preamble:168H;preamble:1035H;preamble:5-min;preamble:annual,whitebox;blackbox,simplified;energyplus;reinforcement learning;neural network;cnn;encoder,NM,NM,NM,NM,NM,NM,heuristic_metaheuristic;reinforcement_learning,NM,NM,NM,demand_response;cost;energy;comfort,NM,NM,NM,NM,NM,NM,NM,carbon_emissions;cost;energy_performance;flexibility;thermal_comfort,actor;conditional;deterministic;exploration;gaussian;initialize;iteratively;log;lqg;monte;probabilistic;real-time;schedule;stochastic;update;updated;updating,electric_load;electric_use;occupancy;weather,5_min;annual;daily;hourly;monthly;subhourly;yearly,subhourly,,False,energy_use|thermal_comfort,energy_use|thermal_comfort,energy_use;thermal_comfort,yes,NM
10.1016_j.apenergy.2020.115765.json,whitebox;greybox,calibrated:0.75;control-oriented:1.50;crawley:0.75;data-driven:1.50;energyplus:0.75;physics-based:2.25;simplified:1.50;simulate:0.75;simulink:0.75;trnsys:1.50;coupled:0.75;filter:1.50;hybrid:0.75;mathematical:0.75;rc:0.75;rc network:0.75;regression:0.75,building_model,air_quality;air_temperature;environment;hvac_signals;metering;occupancy;thermal_comfort,mpc;occ;operation performance analysis;performance monitoring,daily;hourly;monthly;subhourly,subhourly,subhourly,preamble:764S;preamble:486S;preamble:340S;preamble:4801S;preamble:221S;preamble:84S;preamble:487S;preamble:135S;preamble:10min;preamble:24h;preamble:120s;preamble:3/min;preamble:3/min;preamble:5min;preamble:24h;preamble:12h;preamble:12h;preamble:5min;preamble:5min;preamble:2s;preamble:0.6s;preamble:24h;preamble:5min;preamble:24h;preamble:24h;preamble:24h;preamble:24h;preamble:24h;preamble:00h;preamble:00h;preamble:00h;preamble:00h;preamble:00h;preamble:764S;preamble:486S;preamble:340S;preamble:4801S;preamble:221S;preamble:84S;preamble:487S;preamble:135S;preamble:daily,NM,NM,NM,NM,NM,NM,NM,NM,optimal_control,NM,NM,NM,NM,NM,NM,NM,NM,NM,NM,NM,carbon_emissions;cost;energy_performance;thermal_comfort,deterministic;exploration;real-time;scheduled;setpoints,electric_load;electric_use;occupancy;weather,daily;hourly;monthly;subhourly,subhourly,,False,energy_use|thermal_comfort,energy_use|thermal_comfort,energy_use;thermal_comfort,yes,building_model
10.1016_j.buildenv.2019.106535.json,blackbox,data-driven:1.50;energyplus:0.75;physics-based:2.25;retrained:0.75;simulink:0.75;filter:1.50;mathematical:0.75;novel:0.75;zhou:0.75;classification:0.75;deep learning:0.75;lstm:0.75;machine learning:0.75;memory:0.75;neural network:0.75;recurrent:0.75,building_model,air_quality;air_temperature;environment;hvac_signals;metering;occupancy;thermal_comfort,benchmarking;energy flexibility;fdd;mpc;operation performance analysis;performance monitoring,annual;daily;hourly;monthly;subhourly;yearly,subhourly,subhourly,preamble:32S;preamble:161S;preamble:268S;preamble:75S;preamble:116S;preamble:333S;preamble:193H;preamble:1830S;preamble:2014H;preamble:304S;preamble:30min;preamble:15min;preamble:15min;preamble:15min;preamble:5min;preamble:31h;preamble:10h;preamble:weekly;preamble:annual,blackbox,reinforcement learning;lstm;memory;short-term,NM,NM,NM,NM,NM,NM,reinforcement_learning,NM,NM,NM,energy;comfort,NM,NM,NM,NM,NM,NM,NM,carbon_emissions;cost;energy_performance;flexibility;thermal_comfort,actor;deterministic;exploration;filtering;raw data;real-time;schedule;setpoints;stochastic;uncertain;uncertainty;update;weekday;weight,electric_load;electric_use;occupancy;weather,annual;daily;hourly;monthly;subhourly;yearly,subhourly,energy waste,False,energy_use|thermal_comfort,energy_use|thermal_comfort,energy_use;thermal_comfort,yes,NM
10.1016_j.buildenv.2020.107018.json,greybox,glazer:0.75;simplified:1.50;trnsys:1.50;coupled:0.75;integrated:0.75;mathematical:0.75;rc:0.75;rc network:0.75;elm:0.75,building_model,air_temperature;environment;hvac_signals;metering;occupancy;thermal_comfort,energy flexibility;fdd;operation performance analysis;performance monitoring,15_min;daily;hourly;monthly;subhourly;yearly,subhourly,subhourly,preamble:2018H;preamble:104S;preamble:36H;preamble:387H;preamble:2016S;preamble:2002S;preamble:34H;preamble:15min;preamble:15min;preamble:07.012H;preamble:11.027S;preamble:07.067H;preamble:09.005H;preamble:2002S;preamble:04.023H;preamble:hourly;preamble:daily;preamble:monthly;preamble:15-min,whitebox;greybox,trnsys,NM,NM,NM,NM,NM,NM,NM,NM,NM,NM,NM,NM,NM,NM,NM,NM,NM,NM,cost;energy_performance;flexibility;thermal_comfort,occupancy profile;setpoints;stochastic,electric_load;electric_use;internal_gains;occupancy;weather,15_min;daily;hourly;monthly;subhourly;yearly,subhourly,,False,NM,NM,NM,NM,NM
10.1016_j.buildenv.2020.107089.json,greybox;blackbox,high-fidelity:1.50;ice:0.75;simulate:0.75;coupled:0.75;estimation:1.50;integrated:0.75;novel:0.75;forecasting:0.75;machine learning:0.75;non-intrusive:0.75;quantitative:0.75;similarity:0.75;statistical:0.75,building_model;occupancy_model,air_quality;air_temperature;environment;hvac_signals;metering;occupancy;thermal_comfort,benchmarking;energy flexibility;fdd;occ;operation performance analysis;performance monitoring,daily;hourly;monthly;subhourly,subhourly,subhourly,preamble:145S;preamble:2012S;preamble:84S;preamble:2016S;preamble:0.05s;preamble:14h;preamble:60min;preamble:275s;preamble:60min;preamble:7min;preamble:21s;preamble:5min;preamble:30s;preamble:10min;preamble:1h;preamble:7min;preamble:22s;preamble:24s;preamble:43s;preamble:11s;preamble:43s;preamble:71.1min;preamble:96.3min;preamble:9min;preamble:8min;preamble:1h;preamble:30min;preamble:7min;preamble:4.5min;preamble:60min;preamble:daily,NM,NM,NM,NM,greybox;blackbox,estimation,NM,NM,NM,NM,NM,NM,NM,NM,NM,NM,NM,NM,NM,NM,carbon_emissions;cost;energy_performance;flexibility;thermal_comfort,conditional;probabilistic;real-time;setpoints;uncertainty,electric_load;electric_use;occupancy;weather,daily;hourly;monthly;subhourly,subhourly,,False,energy_use|thermal_comfort,energy_use|thermal_comfort,energy_use;thermal_comfort,yes,occupancy_model
10.1016_j.buildenv.2020.107190.json,greybox;blackbox,data-driven:1.50;energyplus:0.75;simplified:1.50;estimation:1.50;mathematical:0.75;mcmc:1.50;state-space:0.75;zhou:0.75;ann:0.75;bayesian network:0.75;classification:0.75;machine learning:0.75;multivariate:0.75;neural network:0.75;statistical:0.75,,air_quality;air_temperature;environment;hvac_signals;metering;occupancy;thermal_comfort,benchmarking;energy flexibility;operation performance analysis;performance monitoring,1_min;daily;hourly;subhourly,subhourly,subhourly,preamble:2016S;preamble:316S;preamble:402S;preamble:343S;preamble:4258S;preamble:729S;preamble:86S;preamble:110172S;preamble:2016H;preamble:012138S;preamble:140S;preamble:140S;preamble:140S;preamble:30min;preamble:30min;preamble:20min;preamble:3h;preamble:1-min,NM,NM,NM,NM,NM,NM,NM,NM,NM,NM,NM,NM,NM,NM,NM,NM,NM,NM,NM,NM,cost;energy_performance;flexibility;thermal_comfort,log;monte;probabilistic;robust;setpoints;stochastic;uncertainty;update;updated;updating,electric_load;electric_use;occupancy,1_min;daily;hourly;subhourly,subhourly,,False,energy_use|thermal_comfort;thermal_comfort|thermal_preference,thermal_comfort|thermal_preference,energy_use;thermal_comfort;thermal_preference,yes,NM
10.1016_j.buildenv.2020.107338.json,whitebox;blackbox,black-box:2.25;calibrated:0.75;data-driven:1.50;energyplus:0.75;library:0.75;purely:1.50;wrapped:0.75;arx:0.75;coupled:0.75;filter:1.50;hybrid:0.75;cart:0.75;classification:0.75;deep learning:0.75;estimator:0.75;forecasting:0.75;machine learning:0.75;memory:0.75,building_model,air_quality;air_temperature;environment;hvac_signals;metering;occupancy,benchmarking;fdd;operation performance analysis;performance monitoring;retrofit,annual;daily;hourly;monthly;subhourly;yearly,subhourly,subhourly,preamble:25S;preamble:2016S;preamble:473S;preamble:599H;preamble:592H;preamble:2019S;preamble:24h;preamble:3min;preamble:12h;preamble:24h;preamble:15min;preamble:24h;preamble:24h;preamble:24h;preamble:24h;preamble:15min;preamble:8h;preamble:12h;preamble:12h;preamble:12h;preamble:12h;preamble:12h;preamble:6h;preamble:6h;preamble:6h;preamble:6h;preamble:6h;preamble:6h;preamble:6h;preamble:6h;preamble:6h;preamble:12h;preamble:12h;preamble:12h;preamble:12h;preamble:12h;preamble:6h;preamble:6h;preamble:6h;preamble:6h;preamble:6h;preamble:6h;preamble:6h;preamble:6h;preamble:6h;preamble:2min;preamble:1min;preamble:24h;preamble:24h;preamble:24h;preamble:12h;preamble:24h;preamble:12h;preamble:6h;preamble:24h;preamble:6h;preamble:3h;preamble:24h;preamble:3h;preamble:2h;preamble:24h;preamble:2h;preamble:1h;preamble:24h;preamble:1h;preamble:8h;preamble:24h;preamble:24h;preamble:15min;preamble:24h;preamble:24h;preamble:6h;preamble:3h;preamble:1h;preamble:6h;preamble:12h;preamble:24h;preamble:15min;preamble:24h;preamble:6h;preamble:24h;preamble:12h;preamble:24h;preamble:12h;preamble:8h;preamble:6h;preamble:4h;preamble:3h;preamble:2h;preamble:1h;preamble:1980s;preamble:15min;preamble:24h;preamble:24h;preamble:24h;preamble:12h;preamble:6h;preamble:3h;preamble:2h;preamble:1h;preamble:24h;preamble:72h;preamble:8850H;preamble:24h;preamble:3h;preamble:3h;preamble:2h;preamble:daily;preamble:annual,whitebox;blackbox,data-driven;filter;hybrid;statistical;classification;random forest;oak;ridge;energyplus;tn,NM,NM,NM,NM,NM,NM,heuristic_metaheuristic;optimal_control,NM,NM,NM,NM,NM,NM,NM,NM,NM,NM,NM,cost;energy_performance;flexibility;thermal_comfort,filtering;predefined;robust;schedule;setpoints;spectral;uncertainty;update;weekend;weight,electric_load;electric_use;occupancy;weather,annual;daily;hourly;monthly;subhourly;yearly,subhourly,,False,NM,NM,NM,NM,NM
10.1016_j.enbuild.2019.109542.json,whitebox;greybox,black-box:2.25;data-driven:1.50;gray-box:1.50;grey-box:1.50;library:0.75;matlab:0.75;modelica:0.75;open-source:0.75;simplified:1.50;white-box:1.50;arx:0.75;estimation:1.50;integrated:0.75;white-:0.75;neural network:0.75;regression:0.75;short-term:0.75;statistical:0.75,building_model;occupancy_model,air_quality;air_temperature;environment;metering;occupancy;thermal_comfort,benchmarking;energy flexibility;fdd;mpc;operation performance analysis;performance monitoring;retrofit,daily;hourly;monthly;subhourly;yearly,subhourly,subhourly,preamble:2018H;preamble:154S;preamble:95H;preamble:2017H;preamble:2159H;preamble:616H;preamble:181S;preamble:154S;preamble:2723H;preamble:2013H;preamble:1297H;preamble:78S;preamble:22S;preamble:350S;preamble:1.5s;preamble:35s;preamble:1056s;preamble:0.3h;preamble:35s;preamble:1925s;preamble:0.5h;preamble:15min;preamble:15min;preamble:24h;preamble:24h;preamble:15min;preamble:24h;preamble:24h;preamble:24h;preamble:15min;preamble:2h;preamble:12h;preamble:0.25h;preamble:24h;preamble:1h;preamble:12h;preamble:31h;preamble:12h;preamble:19h;preamble:0.3h;preamble:0.5h;preamble:0.3h;preamble:0.5h;preamble:962h;preamble:12h;preamble:2050s;preamble:2050s;preamble:08.055S;preamble:06.059H;preamble:06.025H;preamble:11.304H;preamble:616H;preamble:10.108S;preamble:03.102S;preamble:2723H;preamble:2013H;preamble:1297H;preamble:07.029S;preamble:10.024S;preamble:08.040S;preamble:hourly;preamble:daily;preamble:yearly,whitebox,black-box;library;modelica;arx;open-source,NM,NM,NM,NM,NM,NM,optimal_control;heuristic_metaheuristic,NM,NM,NM,energy;comfort;demand_response,NM,NM,NM,NM,NM,NM,NM,carbon_emissions;cost;energy_performance;flexibility;thermal_comfort,deterministic;occupancy profile;predefined;robust;schedule;scheduled;updated;weight,electric_load;electric_use;internal_gains;occupancy;weather,daily;hourly;monthly;subhourly;yearly,subhourly,,False,energy_use|thermal_comfort,energy_use|thermal_comfort,energy_use;thermal_comfort,NM,NM
10.1016_j.enbuild.2019.109563.json,whitebox;greybox;blackbox,3r3c:0.75;black-box:2.25;calibrated:0.75;control-oriented:1.50;data-driven:1.50;energyplus:0.75;first-principle:0.75;grey-box:1.50;ice:0.75;luck:0.75;arx:0.75;estimation:1.50;hybrid:0.75;integrated:0.75;kalman:0.75;low-order:0.75;novel:0.75;ann:0.75;boosting:0.75;deep learning:0.75;elastic net:0.75;forecasting:0.75;fusion:0.75;gaussian process:0.75,building_model,air_quality;air_temperature;environment;metering;occupancy,benchmarking;energy flexibility;fdd;mpc;operation performance analysis,daily;hourly;monthly;subhourly;yearly,subhourly,subhourly,preamble:147S;preamble:2013H;preamble:419H;preamble:3600s;preamble:1980s;preamble:1990s;preamble:24h;preamble:10min;preamble:10min;preamble:24h;preamble:24h;preamble:1h;preamble:24h;preamble:24h;preamble:11h;preamble:147S;preamble:2013H;preamble:419H;preamble:hourly;preamble:daily;preamble:monthly,whitebox;greybox,grey-box;control-oriented;low-order;rc;integrated,NM,NM,NM,NM,NM,NM,optimal_control,NM,NM,NM,comfort;energy;demand_response;cost,NM,NM,NM,NM,NM,NM,NM,carbon_emissions;cost;energy_performance;flexibility;thermal_comfort,explicit;filtering;gaussian;pre-defined;probabilistic;real-time;stochastic;update,electric_load;electric_use;occupancy;weather,daily;hourly;monthly;subhourly;yearly,subhourly,,False,NM,NM,NM,yes,NM
10.1016_j.enbuild.2019.109737.json,whitebox;blackbox,black-box:2.25;crawley:0.75;data-driven:1.50;energyplus:0.75;erl:0.75;grey-box:1.50;estimation:1.50;filter:1.50;kalman:1.50;forecasting:0.75;fusion:0.75;machine learning:0.75;memory:0.75;neural network:0.75,building_model;occupancy_model,air_quality;air_temperature;environment;hvac_signals;metering;occupancy,benchmarking;energy flexibility;fdd;mpc;operation performance analysis;performance monitoring;retrofit,15_min;annual;daily;hourly;monthly;subhourly;yearly,subhourly,subhourly,preamble:1342S;preamble:10S;preamble:9S;preamble:85H;preamble:2min;preamble:1sec;preamble:1min;preamble:0.3s;preamble:5min;preamble:1h;preamble:7h;preamble:5h;preamble:13h;preamble:18h;preamble:17h;preamble:1h;preamble:3h;preamble:6h;preamble:9h;preamble:3h;preamble:6h;preamble:13h;preamble:15h;preamble:17h;preamble:18h;preamble:15h;preamble:17h;preamble:62.5h;preamble:8.3h;preamble:10min;preamble:0.3s;preamble:24h;preamble:2min;preamble:2min;preamble:2min;preamble:2h;preamble:62.5h;preamble:8.3h;preamble:62.5h;preamble:8.3h;preamble:1342S;preamble:10S;preamble:9S;preamble:85H;preamble:daily;preamble:weekly;preamble:15-min;preamble:annual,whitebox;blackbox,energyplus;crawley;neural network,NM,NM,greybox;blackbox,estimation;neural network,NM,NM,heuristic_metaheuristic;optimal_control,NM,NM,NM,NM,NM,NM,NM,carbon,NM,NM,NM,carbon_emissions;cost;energy_performance;flexibility;thermal_comfort,filtering;occupancy profile;real-time;schedule;stochastic;uncertain;updated,electric_load;electric_use;internal_gains;occupancy;operation_schedules;weather,15_min;annual;daily;hourly;monthly;subhourly;yearly,subhourly,,False,energy_use|thermal_comfort,energy_use|thermal_comfort,energy_use;thermal_comfort,yes,NM
10.1016_j.enbuild.2020.109792.json,blackbox,black-box:2.25;calibrated:0.75;data-driven:1.50;first-principles:0.75;simulate:0.75;coupled:0.75;estimation:1.50;integrated:0.75;state-space:0.75;grateful:0.75;linear regression:0.75;machine learning:0.75;memory:0.75;random forest:0.75;regression:0.75,building_model,air_quality;environment;hvac_signals;metering,benchmarking;energy flexibility;fdd;mpc;operation performance analysis,daily;hourly;monthly;subhourly;yearly,subhourly,subhourly,preamble:9h;preamble:216H;preamble:6h;preamble:9h;preamble:10min;preamble:1h;preamble:6h;preamble:9h;preamble:9h;preamble:6h;preamble:58h;preamble:9h;preamble:9h;preamble:01.037H;preamble:daily,whitebox;blackbox,data-driven;regression;state-space,NM,NM,NM,NM,NM,NM,optimal_control;mathematical_programming,NM,NM,NM,NM,NM,NM,NM,NM,NM,NM,NM,carbon_emissions;cost;energy_performance;flexibility;thermal_comfort,real-time;robust;stochastic;weight,electric_load;electric_use;weather,daily;hourly;monthly;subhourly;yearly,subhourly,,False,energy_use|thermal_comfort,energy_use|thermal_comfort,energy_use;thermal_comfort,yes,NM
10.1016_j.enbuild.2020.109807.json,greybox;blackbox,black-box:2.25;data-driven:1.50;simplified:1.50;estimation:1.50;hybrid:0.75;integrated:0.75;low-order:0.75;mathematical:0.75;novel:0.75;zhou:0.75;ann:0.75;ann-based:0.75;bayesian network:0.75;classification:0.75;deep learning:0.75;feed-forward:0.75;forecasting:0.75,building_model,air_quality;air_temperature;environment;hvac_signals;metering;occupancy;thermal_comfort,energy flexibility;fdd;mpc;operation performance analysis;performance monitoring,annual;daily;hourly;monthly;subhourly;yearly,subhourly,subhourly,preamble:2565S;preamble:146S;preamble:1768S;preamble:860S;preamble:106216H;preamble:343S;preamble:560S;preamble:182S;preamble:751S;preamble:279S;preamble:1359S;preamble:26S;preamble:12.007S;preamble:03.010S;preamble:2010.322S;preamble:2019.106216H;preamble:03.009S;preamble:12.040S;preamble:08.007S;preamble:2015.1057085S;preamble:12.037S;preamble:2009.191S;preamble:hourly;preamble:daily;preamble:annual,greybox,integrated,NM,NM,NM,NM,NM,NM,NM,NM,NM,NM,comfort,NM,NM,NM,NM,NM,NM,NM,carbon_emissions;cost;energy_performance;flexibility;thermal_comfort,deterministic;explicit;exploration;forward;gaussian;probabilistic;real-time;scheduled;stochastic;update,electric_load;electric_use;occupancy;weather,annual;daily;hourly;monthly;subhourly;yearly,subhourly,unnecessary energy use,False,energy_use|thermal_comfort,energy_use|thermal_comfort,energy_use;thermal_comfort,yes,NM
10.1016_j.enbuild.2020.109861.json,greybox;blackbox,simplified:1.50;estimation:1.50;filter:1.50;hybrid:0.75;integrated:0.75;novel:0.75;ann:0.75;fusion:0.75;rf:0.75,building_model;occupancy_model;system_model,air_quality;air_temperature;environment;hvac_signals;metering;occupancy,benchmarking;fdd;mpc;occ;operation performance analysis;performance monitoring;retrofit,annual;daily;hourly;monthly;subhourly;yearly,subhourly,subhourly,preamble:84S;preamble:221S;preamble:2014S;preamble:weekly;preamble:monthly;preamble:annual,blackbox,rf,NM,NM,greybox;blackbox,estimation;fusion;novel;integrated;rf,NM,NM,optimal_control,NM,optimal_control,NM,cost;iaq_infection;comfort,NM,NM,NM,carbon;cost;iaq_infection,NM,NM,NM,carbon_emissions;cost;energy_performance;thermal_comfort,gaussian;real-time;uncertainty,electric_load;electric_use;occupancy;weather,annual;daily;hourly;monthly;subhourly;yearly,subhourly,,False,NM,NM,NM,yes,NM
10.1016_j.enbuild.2020.109872.json,blackbox,data-driven:1.50;energyplus:0.75;matlab:0.75;toolbox:0.75;coupled:0.75;estimation:1.50;mathematical:0.75;zhou:0.75;ann:0.75;deep learning:0.75;linear regression:0.75;logistic:0.75;machine learning:0.75;neural network:0.75;quantitative:0.75;random forest:0.75,,air_quality;air_temperature;environment;hvac_signals;metering;occupancy;thermal_comfort,benchmarking;energy flexibility;fdd;occ;operation performance analysis;performance monitoring,daily;hourly;subhourly,subhourly,subhourly,preamble:1245S;preamble:306S;preamble:43S;preamble:2018S;preamble:420S;preamble:106216H;preamble:1970s;preamble:5h;preamble:1245S;preamble:306S;preamble:43S;preamble:2018S;preamble:420S;preamble:106216H,NM,NM,NM,NM,NM,NM,NM,NM,NM,NM,NM,NM,NM,NM,NM,NM,NM,NM,NM,NM,cost;energy_performance;flexibility;thermal_comfort,monte;real-time;schedule;stochastic;update;updated;weight,electric_load;electric_use;occupancy;weather,daily;hourly;subhourly,subhourly,energy waste,False,NM,NM,NM,yes,NM
10.1016_j.enbuild.2020.110056.json,whitebox;greybox;blackbox,black-box:2.25;control-oriented:1.50;data-driven:1.50;gray-box:1.50;matlab:0.75;retrained:0.75;simplified:1.50;toolbox:0.75;estimation:1.50;hybrid:0.75;integrated:0.75;lti:0.75;state-space:0.75;time-invariant:0.75;classification:0.75;colonel:0.75;forecasting:0.75;logistic:0.75;machine learning:0.75;memory:0.75;neural network:0.75,building_model,air_quality;air_temperature;environment;hvac_signals;metering;occupancy,energy flexibility;fdd;mpc;occ;operation performance analysis;performance monitoring,annual;daily;hourly;monthly;subhourly;yearly,subhourly,subhourly,preamble:84S;preamble:179H;preamble:572S;preamble:500H;preamble:2016H;preamble:237H;preamble:986S;preamble:419H;preamble:85H;preamble:2000s;preamble:84S;preamble:179H;preamble:572S;preamble:500H;preamble:237H;preamble:986S;preamble:419H;preamble:85H;preamble:hourly;preamble:weekly;preamble:annual,whitebox;greybox,simplified;lti;state-space;time-invariant;matlab,NM,NM,NM,NM,NM,NM,optimal_control;heuristic_metaheuristic,NM,NM,NM,energy,NM,NM,NM,NM,NM,NM,NM,carbon_emissions;cost;energy_performance;flexibility;thermal_comfort,gaussian;real-time;schedule;scheduled;setpoints;stochastic;uncertainty;updated;updating;weekday;weight,electric_load;electric_use;internal_gains;occupancy;weather,annual;daily;hourly;monthly;subhourly;yearly,subhourly,energy waste,False,energy_use|thermal_comfort,energy_use|thermal_comfort,energy_use;thermal_comfort,yes,NM
10.1016_j.enbuild.2020.110225.json,whitebox;greybox;blackbox,black-box:2.25;crawley:0.75;data-driven:1.50;energyplus:0.75;purely:1.50;retrained:0.75;simplified:1.50;simulate:0.75;wrapped:0.75;coupled:0.75;estimation:1.50;hybrid:0.75;integrated:0.75;mathematical:0.75;novel:0.75;state-space:0.75;ann:0.75;anomaly detection:0.75;classification:0.75;deep learning:0.75;dnn:0.75;estimator:0.75;fusion:0.75,building_model,air_quality;air_temperature;environment;hvac_signals;metering;occupancy,benchmarking;energy flexibility;fdd;mpc;operation performance analysis;performance monitoring;retrofit,daily;hourly;monthly;subhourly;yearly,subhourly,subhourly,preamble:60S;preamble:22S;preamble:113478S;preamble:2100H;preamble:36h;preamble:12h;preamble:15min;preamble:30min;preamble:45min;preamble:24h;preamble:15min;preamble:30min;preamble:45min;preamble:15min;preamble:5min;preamble:45min;preamble:45min;preamble:15min;preamble:3min;preamble:150min;preamble:daily,blackbox,reinforcement learning;anomaly detection,NM,NM,NM,NM,NM,NM,reinforcement_learning,NM,NM,NM,comfort,NM,NM,NM,NM,NM,NM,NM,cost;energy_performance;flexibility;thermal_comfort,actor;exploration;initialization;pre-defined;q-value;q-values;robust;schedule;scheduled;stochastic;uncertainty;update;updated;updating;weight,electric_load;electric_use;occupancy;weather,daily;hourly;monthly;subhourly;yearly,subhourly,,False,energy_use|thermal_comfort,energy_use|thermal_comfort,energy_use;thermal_comfort,yes,NM
10.1016_j.enbuild.2020.110308.json,whitebox;greybox,energyplus:0.75;library:0.75;matlab:0.75;modelica:0.75;open-source:0.75;simulate:0.75;trnsys:1.50;coupled:0.75;estimation:1.50;hybrid:0.75;integrated:0.75;zhou:0.75;kernel:0.75;statistic:0.75;statistical:0.75,building_model;system_model,air_quality;air_temperature;environment;hvac_signals;metering;occupancy;thermal_comfort,benchmarking;energy flexibility;fdd;operation performance analysis;performance monitoring,annual;daily;hourly;monthly;subhourly;yearly,subhourly,subhourly,preamble:154S;preamble:57S;preamble:30s;preamble:5s;preamble:30s;preamble:01.013S;preamble:06.041S;preamble:0000s;preamble:annual,whitebox;greybox,integrated;modelica;simulate,NM,NM,NM,NM,NM,NM,optimal_control,NM,NM,NM,energy;comfort;iaq_infection,NM,NM,NM,NM,NM,NM,NM,carbon_emissions;cost;energy_performance;flexibility;thermal_comfort,deterministic;exploration;forward;monte;robust;schedule;scheduled;setpoints;stochastic;uncertain;uncertainty;updated;weight,electric_load;electric_use;internal_gains;occupancy;weather,annual;daily;hourly;monthly;subhourly;yearly,subhourly,wasted energy,False,energy_use|thermal_comfort,energy_use|thermal_comfort,energy_use;thermal_comfort,NM,NM
10.1016_j.enbuild.2020.110317.json,greybox;blackbox,matlab:0.75;physics-based:2.25;toolbox:0.75;estimation:1.50;filter:1.50;hybrid:0.75;integrated:0.75;kalman:1.50;linearized:0.75;mathematical:0.75;novel:0.75;ann:0.75;feed-forward:0.75;multi-layer:0.75;neural network:0.75;nn:0.75;recognition:0.75,building_model;occupancy_model,air_quality;air_temperature;environment;hvac_signals;metering;occupancy;thermal_comfort,energy flexibility;mpc;operation performance analysis;performance monitoring;retrofit,daily;hourly;monthly;subhourly;yearly,subhourly,subhourly,preamble:712H;preamble:2074H;preamble:316S;preamble:610S;preamble:358H;preamble:1000s;preamble:16.7min;preamble:17min;preamble:10Hz;preamble:50Hz;preamble:5Hz;preamble:5s;preamble:24h;preamble:17min;preamble:15min;preamble:50Hz;preamble:00h;preamble:45h;preamble:00h;preamble:00h;preamble:50Hz;preamble:712H;preamble:2074H;preamble:316S;preamble:610S;preamble:hourly;preamble:weekly,whitebox,matlab,NM,NM,greybox;blackbox,estimation;rnn,NM,NM,optimal_control;heuristic_metaheuristic,NM,optimal_control;heuristic_metaheuristic;mathematical_programming,NM,NM,NM,NM,NM,comfort;iaq_infection,NM,NM,NM,carbon_emissions;cost;energy_performance;flexibility;thermal_comfort,actor;forward;real-time;robust;schedule;scheduled;stochastic;uncertain;weekday,electric_load;electric_use;occupancy;weather,daily;hourly;monthly;subhourly;yearly,subhourly,,False,NM,NM,NM,yes,building_model
10.1016_j.energy.2020.117328.json,blackbox,calibrated:0.75;data-driven:1.50;library:0.75;retrained:0.75;simplified:1.50;estimation:1.50;integrated:0.75;mathematical:0.75;novel:0.75;feed-forward:0.75;linear regression:0.75;machine learning:0.75;memory:0.75;mlp:0.75;multi-layer:0.75;neural network:0.75;perceptron:0.75,system_model,air_quality;air_temperature;environment;hvac_signals;metering;occupancy,fdd;operation performance analysis;performance monitoring,annual;daily;hourly;monthly;subhourly;yearly,subhourly,subhourly,preamble:3592H;preamble:958S;preamble:93S;preamble:77S;preamble:10min;preamble:10min;preamble:2min;preamble:3592H;preamble:958S;preamble:93S;preamble:77S;preamble:annual,NM,NM,whitebox;blackbox,data-driven,NM,NM,NM,NM,NM,NM,NM,NM,NM,NM,NM,NM,NM,NM,NM,NM,carbon_emissions;cost;energy_performance;thermal_comfort,forward;predefined;real-time;robust;weight,electric_load;electric_use;occupancy,annual;daily;hourly;monthly;subhourly;yearly,subhourly,energy waste,False,energy_use|thermal_comfort,energy_use|thermal_comfort,energy_use;thermal_comfort,yes,NM
10.1016_j.energy.2020.118411.json,greybox;blackbox,energyplus:0.75;matlab:0.75;simulate:0.75;coupled:0.75;estimation:1.50;filter:1.50;hybrid:0.75;linearized:0.75;mathematical:0.75;novel:0.75;ann:0.75;anomaly detection:0.75;forecasting:0.75;machine learning:0.75;machine-learning:0.75;multi-layer:0.75;neural network:0.75;nn:0.75,building_model;system_model,air_temperature;environment;hvac_signals;metering,energy flexibility;mpc;operation performance analysis;performance monitoring,daily;hourly;monthly;subhourly;yearly,subhourly,subhourly,preamble:783H;preamble:1226S;preamble:2018H;preamble:24h;preamble:24h;preamble:24h;preamble:783H;preamble:1226S;preamble:2018H;preamble:hourly;preamble:monthly,greybox;blackbox,nn;machine-learning;novel;neural network;hybrid;mathematical;coupled;reinforcement learning;anomaly detection,blackbox,nn;coupled;machine-learning;novel,NM,NM,NM,NM,optimal_control;heuristic_metaheuristic;reinforcement_learning;mathematical_programming,optimal_control;reinforcement_learning;heuristic_metaheuristic;mathematical_programming,NM,NM,cost;demand_response;comfort;energy,NM,comfort;demand_response;energy,NM,NM,NM,NM,NM,cost;energy_performance;flexibility;thermal_comfort,raw data;real-time;robust;schedule;scheduled;stochastic;update;updated;weight,electric_load;electric_use;weather,daily;hourly;monthly;subhourly;yearly,subhourly,,False,energy_use|thermal_comfort,energy_use|thermal_comfort,energy_use;thermal_comfort,yes,building_model
10.1016_j.energy.2020.118456.json,whitebox;greybox,co-simulation:0.75;control-oriented:1.50;library:0.75;matlab:0.75;simplified:1.50;simulate:0.75;toolbox:0.75;trnsys:0.75;coupled:0.75;estimation:1.50;hybrid:0.75;integrated:0.75;lti:0.75;mathematical:0.75;novel:0.75;time-invariant:0.75,building_model;system_model,air_quality;air_temperature;environment;hvac_signals;metering;occupancy;thermal_comfort,energy flexibility;mpc;operation performance analysis;performance monitoring;retrofit,annual;daily;hourly;monthly;subhourly;yearly,subhourly,subhourly,preamble:014009H;preamble:2019S;preamble:1436S;preamble:1h;preamble:60Hz;preamble:3.75min;preamble:6h;preamble:1h;preamble:6h;preamble:1h;preamble:1h;preamble:6h;preamble:48h;preamble:6h;preamble:1h;preamble:6h;preamble:1h;preamble:21s;preamble:3.75min;preamble:8h;preamble:15min;preamble:15min;preamble:11h;preamble:1h;preamble:hourly;preamble:daily;preamble:annual,whitebox;greybox,trnsys;novel;co-simulation;matlab,NM,NM,NM,NM,NM,NM,optimal_control,NM,NM,NM,comfort;cost;energy;carbon,NM,NM,NM,NM,NM,NM,NM,carbon_emissions;cost;energy_performance;flexibility;thermal_comfort,gaussian;predefined;real-time;schedule;scheduled;update;updating;weekend;weight,electric_load;electric_use;internal_gains;occupancy;weather,annual;daily;hourly;monthly;subhourly;yearly,subhourly,,False,energy_use|thermal_comfort,energy_use|thermal_comfort,energy_use;thermal_comfort,yes,NM
10.1016_j.jclepro.2019.119866.json,whitebox;greybox;blackbox,black-box:2.25;crawley:0.75;data-driven:1.50;energyplus:0.75;glazer:0.75;gray-box:1.50;high-fidelity:1.50;library:0.75;liesen:0.75;modelica:0.75;coupled:0.75;physics-based:0.75;purely:0.75;rc:0.75;resistor-capacitor:0.75;simplified:0.75;white-:0.75;ann:0.75;classification:0.75;cnn:0.75;deep learning:0.75;forecasting:0.75;grateful:0.75;lstm:0.75;machine learning:0.75,building_model,air_quality;air_temperature;environment;hvac_signals;metering;occupancy,energy flexibility;fdd;mpc;operation performance analysis;performance monitoring,daily;hourly;monthly;subhourly;yearly,subhourly,subhourly,preamble:168H;preamble:1359S;preamble:29H;preamble:76H;preamble:1298H;preamble:761H;preamble:1259H;preamble:30min;preamble:60min;preamble:90min;preamble:10min;preamble:30min;preamble:60min;preamble:90min;preamble:1h;preamble:2014H;preamble:2010S;preamble:2016H;preamble:2012H;preamble:2016H;preamble:2009H;preamble:2009H;preamble:monthly,blackbox,physics-based;gray-box;white-box;crawley;energyplus;modelica;resistor-capacitor;white-;neural network,NM,NM,NM,NM,NM,NM,NM,NM,NM,NM,energy;comfort,NM,NM,NM,NM,NM,NM,NM,cost;energy_performance;flexibility;thermal_comfort,log;real-time;schedule;stochastic;wavelet,electric_load;electric_use;occupancy;weather,daily;hourly;monthly;subhourly;yearly,subhourly,,False,energy_use|thermal_comfort,energy_use|thermal_comfort,energy_use;thermal_comfort,yes,NM
10.1016_j.jclepro.2020.122059.json,greybox;blackbox,control-oriented:1.50;matlab:0.75;simplified:1.50;simulink:0.75;hybrid:0.75;integrated:0.75;mathematical:0.75;microgrid:0.75;novel:0.75;ann:0.75;ann-based:0.75;forecasting:0.75;hac:0.75;linear regression:0.75;machine-learning:0.75;neural network:0.75;regression:0.75;statistical:0.75,building_model;system_model,air_quality;air_temperature;environment;hvac_signals;metering;occupancy;thermal_comfort,energy flexibility;mpc;operation performance analysis;performance monitoring,5_min;annual;daily;hourly;monthly;subhourly;yearly,subhourly,subhourly,preamble:7S;preamble:4227S;preamble:2018S;preamble:590S;preamble:340S;preamble:6S;preamble:783H;preamble:2016S;preamble:9S;preamble:285H;preamble:23h;preamble:30min;preamble:30min;preamble:30min;preamble:30min;preamble:1h;preamble:00h;preamble:8h;preamble:18h;preamble:18h;preamble:9h;preamble:16h;preamble:16h;preamble:18h;preamble:9h;preamble:17h;preamble:16h;preamble:16.5h;preamble:18h;preamble:8h;preamble:18h;preamble:9h;preamble:15h;preamble:17.5h;preamble:2018S;preamble:4227S;preamble:2018S;preamble:1S;preamble:2017S;preamble:590S;preamble:2012S;preamble:340S;preamble:2018S;preamble:2018S;preamble:2017H;preamble:783H;preamble:2016S;preamble:2016S;preamble:9S;preamble:2019H;preamble:285H;preamble:hourly;preamble:daily;preamble:5-min;preamble:annual,whitebox,matlab;simulink,whitebox;greybox,control-oriented;ann;ann-based;linear regression;regression,NM,NM,NM,NM,optimal_control,heuristic_metaheuristic;optimal_control,NM,NM,demand_response;cost,NM,demand_response;comfort;cost,NM,NM,NM,NM,NM,carbon_emissions;cost;energy_performance;flexibility;thermal_comfort,real-time;robust;scheduled;stochastic;updated,electric_load;electric_use;occupancy;weather,5_min;annual;daily;hourly;monthly;subhourly;yearly,subhourly,,False,energy_use|thermal_comfort,energy_use|thermal_comfort,energy_use;thermal_comfort,yes,NM
10.1016_j.measurement.2019.106997.json,greybox;blackbox,coupled:0.75;filter:1.50;integrated:0.75;feed-forward:0.75;fusion:0.75;qualitative:0.75,,air_quality;air_temperature;environment;hvac_signals;metering;occupancy;thermal_comfort,fdd;operation performance analysis;performance monitoring,annual;daily;hourly;monthly;subhourly;yearly,subhourly,subhourly,preamble:2014H;preamble:631S;preamble:2018S;preamble:135S;preamble:19S;preamble:473S;preamble:12h;preamble:4h;preamble:10s;preamble:135S;preamble:19S;preamble:473S;preamble:daily;preamble:annual,NM,NM,NM,NM,NM,NM,NM,NM,NM,NM,NM,NM,NM,NM,NM,NM,NM,NM,NM,NM,carbon_emissions;cost;energy_performance;thermal_comfort,forward;weight,electric_load;electric_use;occupancy;weather,annual;daily;hourly;monthly;subhourly;yearly,subhourly,,False,NM,NM,NM,NM,NM
10.1016_j.scs.2019.101908.json,greybox;blackbox,calibrated:0.75;energyplus:0.75;simplified:0.75;simulate:0.75;2r2c:0.75;3r2c:0.75;filter:1.50;integrated:0.75;kalman:1.50;linearized:0.75;lti:0.75;mathematical:0.75;novel:0.75;rc:0.75;ann:0.75;linear regression:0.75;mlr:0.75;neural network:0.75;quantitative:0.75;recognition:0.75;regression:0.75;similarity:0.75,building_model,air_quality;air_temperature;environment;metering;occupancy;thermal_comfort,energy flexibility;fdd;mpc;operation performance analysis;performance monitoring;retrofit,daily;hourly;monthly;subhourly;yearly,subhourly,subhourly,preamble:602S;preamble:84H;preamble:226S;preamble:39S;preamble:431S;preamble:1min;preamble:1min;preamble:2013S;preamble:2018H;preamble:2019S;preamble:2018S;preamble:2017S;preamble:hourly;preamble:daily;preamble:weekly,greybox,integrated;state-space;zhou,NM,NM,NM,NM,NM,NM,optimal_control,NM,NM,NM,comfort;cost,NM,NM,NM,NM,NM,NM,NM,carbon_emissions;cost;energy_performance;flexibility;thermal_comfort,gaussian;predefined;real-time;setpoints;uncertainty;weight,electric_load;electric_use;occupancy;weather,daily;hourly;monthly;subhourly;yearly,subhourly,,False,energy_use|thermal_comfort,energy_use|thermal_comfort,energy_use;thermal_comfort,yes,NM
